milliseconds (ms),frame_start,frame_end,bpm
11,0,0,72.18072
27,0,0,72.18072
43,1,0,72.18072
59,1,1,72.18072
75,2,1,72.18072
91,2,2,72.18072
107,3,2,72.18072
123,3,2,72.18072
139,3,3,72.18072
155,4,3,72.18072
171,4,4,72.18072
187,5,4,72.18072
203,5,5,72.18072
219,6,5,72.18072
235,6,6,72.18072
251,7,6,72.18072
267,7,7,72.18072
283,8,7,72.18072
299,8,8,72.18072
315,9,8,72.18072
331,9,8,72.18072
347,9,9,72.18072
363,10,9,72.18072
379,10,10,72.18072
395,11,10,72.18072
411,11,11,72.18072
427,12,11,72.18072
443,12,12,72.18072
459,13,12,72.18072
475,13,13,72.18072
491,14,13,72.18072
507,14,13,72.18072
523,14,14,72.18072
539,15,14,72.18072
555,15,15,72.18072
571,16,15,72.18072
587,16,16,72.18072
603,17,16,72.18072
619,17,17,72.18072
635,18,17,72.18072
651,18,18,72.18072
667,19,18,72.18072
683,19,19,72.18072
699,20,19,72.18072
715,20,19,72.18072
731,20,20,72.18072
747,21,20,72.18072
763,21,21,72.18072
779,22,21,72.18072
795,22,22,72.18072
811,23,22,72.18072
827,23,23,72.18072
843,24,23,72.18072
859,24,24,72.18072
875,25,24,72.18072
891,25,25,72.18072
907,26,25,72.18072
923,26,25,72.18072
939,26,26,72.18072
955,27,26,72.18072
971,27,27,72.18072
987,28,27,72.18072
1003,28,28,72.18072
1019,29,28,72.18072
1035,29,29,72.18072
1051,30,29,72.18072
1067,30,30,72.18072
1083,31,30,72.18072
1099,31,30,72.18072
1115,31,31,72.18072
1131,32,31,72.18072
1147,32,32,72.18072
1163,33,32,72.18072
1179,33,33,72.18072
1195,34,33,72.18072
1211,34,34,72.18072
1227,35,34,72.18072
1243,35,35,72.18072
1259,36,35,72.18072
1275,36,36,72.18072
1291,37,36,72.18072
1307,37,36,72.18072
1323,37,37,72.18072
1339,38,37,72.18072
1355,38,38,72.18072
1371,39,38,72.18072
1387,39,39,72.18072
1403,40,39,72.18072
1419,40,40,72.18072
1435,41,40,72.18072
1451,41,41,72.18072
1467,42,41,72.18072
1483,42,41,72.18072
1499,42,42,72.18072
1515,43,42,72.18072
1531,43,43,72.18072
1547,44,43,72.18072
1563,44,44,72.18072
1579,45,44,72.18072
1595,45,45,72.18072
1611,46,45,72.18072
1627,46,46,72.18072
1643,47,46,72.18072
1659,47,47,72.18072
1675,48,47,72.18072
1691,48,47,72.18072
1707,48,48,72.18072
1723,49,48,72.18072
1739,49,49,72.18072
1755,50,49,72.18072
1771,50,50,72.18072
1787,51,50,72.18072
1803,51,51,72.18072
1819,52,51,72.18072
1835,52,52,72.18072
1851,53,52,72.18072
1867,53,52,72.18072
1883,53,53,72.18072
1899,54,53,72.18072
1915,54,54,72.18072
1931,55,54,72.18072
1947,55,55,72.18072
1963,56,55,72.18072
1979,56,56,72.18072
1995,57,56,72.18072
2011,57,57,72.18072
2027,58,57,72.18072
2043,58,58,72.18072
2059,59,58,72.18072
2075,59,58,72.18072
2091,59,59,72.18072
2107,60,59,72.18072
2123,60,60,72.18072
2139,61,60,72.18072
2155,61,61,72.18072
2171,62,61,72.18072
2187,62,62,72.18072
2203,63,62,72.18072
2219,63,63,72.18072
2235,64,63,72.18072
2251,64,63,72.18072
2267,64,64,72.18072
2283,65,64,72.18072
2299,65,65,72.18072
2315,66,65,72.18072
2331,66,66,72.18072
2347,67,66,72.18072
2363,67,67,72.18072
2379,68,67,72.18072
2395,68,68,72.18072
2411,69,68,72.18072
2427,69,69,72.18072
2443,70,69,72.18072
2459,70,69,72.18072
2475,70,70,72.18072
2491,71,70,72.18072
2507,71,71,72.18072
2523,72,71,72.18072
2539,72,72,72.18072
2555,73,72,72.18072
2571,73,73,72.18072
2587,74,73,72.18072
2603,74,74,60.1506
2619,75,74,60.1506
2635,75,75,60.1506
2651,76,75,60.1506
2667,76,75,60.1506
2683,76,76,60.1506
2699,77,76,60.1506
2715,77,77,60.1506
2731,78,77,60.1506
2747,78,78,60.1506
2763,79,78,60.1506
2779,79,79,60.1506
2795,80,79,60.1506
2811,80,80,60.1506
2827,81,80,60.1506
2843,81,80,60.1506
2859,81,81,60.1506
2875,82,81,60.1506
2891,82,82,60.1506
2907,83,82,60.1506
2923,83,83,60.1506
2939,84,83,60.1506
2955,84,84,60.1506
2971,85,84,60.1506
2987,85,85,60.1506
3003,86,85,60.1506
3019,86,86,60.1506
3035,87,86,60.1506
3051,87,86,72.18072
3067,87,87,72.18072
3083,88,87,96.24095999999999
3099,88,88,96.24095999999999
3115,89,88,96.24095999999999
3131,89,89,96.24095999999999
3147,90,89,96.24095999999999
3163,90,90,96.24095999999999
3179,91,90,96.24095999999999
3195,91,91,108.27107999999998
3211,92,91,108.27107999999998
3227,92,91,108.27107999999998
3243,92,92,108.27107999999998
3259,93,92,108.27107999999998
3275,93,93,108.27107999999998
3291,94,93,108.27107999999998
3307,94,94,108.27107999999998
3323,95,94,108.27107999999998
3339,95,95,108.27107999999998
3355,96,95,108.27107999999998
3371,96,96,108.27107999999998
3387,97,96,108.27107999999998
3403,97,97,108.27107999999998
3419,98,97,108.27107999999998
3435,98,97,108.27107999999998
3451,98,98,108.27107999999998
3467,99,98,108.27107999999998
3483,99,99,108.27107999999998
3499,100,99,108.27107999999998
3515,100,100,108.27107999999998
3531,101,100,108.27107999999998
3547,101,101,108.27107999999998
3563,102,101,108.27107999999998
3579,102,102,108.27107999999998
3595,103,102,108.27107999999998
3611,103,102,108.27107999999998
3627,103,103,108.27107999999998
3643,104,103,72.18072
3659,104,104,72.18072
3675,105,104,48.12047999999999
3691,105,105,48.12047999999999
3707,106,105,48.12047999999999
3723,106,106,48.12047999999999
3739,107,106,48.12047999999999
3755,107,107,48.12047999999999
3771,108,107,48.12047999999999
3787,108,108,48.12047999999999
3803,109,108,48.12047999999999
3819,109,108,48.12047999999999
3835,109,109,48.12047999999999
3851,110,109,48.12047999999999
3867,110,110,48.12047999999999
3883,111,110,48.12047999999999
3899,111,111,48.12047999999999
3915,112,111,48.12047999999999
3931,112,112,48.12047999999999
3947,113,112,48.12047999999999
3963,113,113,48.12047999999999
3979,114,113,48.12047999999999
3995,114,114,48.12047999999999
4011,115,114,48.12047999999999
4027,115,114,48.12047999999999
4043,115,115,48.12047999999999
4059,116,115,48.12047999999999
4075,116,116,48.12047999999999
4091,117,116,48.12047999999999
4107,117,117,48.12047999999999
4123,118,117,48.12047999999999
4139,118,118,48.12047999999999
4155,119,118,48.12047999999999
4171,119,119,72.18072
4187,120,119,72.18072
4203,120,119,72.18072
4219,120,120,72.18072
4235,121,120,72.18072
4251,121,121,72.18072
4267,122,121,72.18072
4283,122,122,72.18072
4299,123,122,72.18072
4315,123,123,72.18072
4331,124,123,72.18072
4347,124,124,72.18072
4363,125,124,72.18072
4379,125,125,72.18072
4395,126,125,72.18072
4411,126,125,72.18072
4427,126,126,72.18072
4443,127,126,72.18072
4459,127,127,72.18072
4475,128,127,84.21083999999999
4491,128,128,84.21083999999999
4507,129,128,84.21083999999999
4523,129,129,84.21083999999999
4539,130,129,84.21083999999999
4555,130,130,84.21083999999999
4571,131,130,84.21083999999999
4587,131,130,84.21083999999999
4603,131,131,84.21083999999999
4619,132,131,84.21083999999999
4635,132,132,84.21083999999999
4651,133,132,72.18072
4667,133,133,72.18072
4683,134,133,72.18072
4699,134,134,72.18072
4715,135,134,72.18072
4731,135,135,72.18072
4747,136,135,72.18072
4763,136,136,72.18072
4779,137,136,72.18072
4795,137,136,72.18072
4811,137,137,72.18072
4827,138,137,72.18072
4843,138,138,72.18072
4859,139,138,72.18072
4875,139,139,72.18072
4891,140,139,72.18072
4907,140,140,72.18072
4923,141,140,72.18072
4939,141,141,72.18072
4955,142,141,72.18072
4971,142,141,72.18072
4987,142,142,72.18072
5003,143,142,72.18072
5019,143,143,72.18072
5035,144,143,72.18072
5051,144,144,72.18072
5067,145,144,72.18072
5083,145,145,72.18072
5099,146,145,84.21083999999999
5115,146,146,84.21083999999999
5131,147,146,84.21083999999999
5147,147,147,84.21083999999999
5163,148,147,84.21083999999999
5179,148,147,84.21083999999999
5195,148,148,84.21083999999999
5211,149,148,84.21083999999999
5227,149,149,84.21083999999999
5243,150,149,84.21083999999999
5259,150,150,84.21083999999999
5275,151,150,84.21083999999999
5291,151,151,84.21083999999999
5307,152,151,84.21083999999999
5323,152,152,84.21083999999999
5339,153,152,84.21083999999999
5355,153,152,84.21083999999999
5371,153,153,84.21083999999999
5387,154,153,84.21083999999999
5403,154,154,84.21083999999999
5419,155,154,84.21083999999999
5435,155,155,84.21083999999999
5451,156,155,84.21083999999999
5467,156,156,84.21083999999999
5483,157,156,84.21083999999999
5499,157,157,84.21083999999999
5515,158,157,84.21083999999999
5531,158,158,72.18072
5547,159,158,72.18072
5563,159,158,72.18072
5579,159,159,72.18072
5595,160,159,72.18072
5611,160,160,72.18072
5627,161,160,72.18072
5643,161,161,72.18072
5659,162,161,72.18072
5675,162,162,72.18072
5691,163,162,72.18072
5707,163,163,72.18072
5723,164,163,72.18072
5739,164,164,72.18072
5755,165,164,72.18072
5771,165,164,72.18072
5787,165,165,72.18072
5803,166,165,72.18072
5819,166,166,72.18072
5835,167,166,72.18072
5851,167,167,72.18072
5867,168,167,72.18072
5883,168,168,72.18072
5899,169,168,72.18072
5915,169,169,72.18072
5931,170,169,72.18072
5947,170,169,72.18072
5963,170,170,72.18072
5979,171,170,72.18072
5995,171,171,72.18072
6011,172,171,72.18072
6027,172,172,72.18072
6043,173,172,72.18072
6059,173,173,72.18072
6075,174,173,72.18072
6091,174,174,72.18072
6107,175,174,72.18072
6123,175,175,72.18072
6139,176,175,72.18072
6155,176,175,72.18072
6171,176,176,72.18072
6187,177,176,72.18072
6203,177,177,72.18072
6219,178,177,72.18072
6235,178,178,72.18072
6251,179,178,72.18072
6267,179,179,72.18072
6283,180,179,72.18072
6299,180,180,72.18072
6315,181,180,72.18072
6331,181,180,72.18072
6347,181,181,72.18072
6363,182,181,72.18072
6379,182,182,72.18072
6395,183,182,72.18072
6411,183,183,72.18072
6427,184,183,72.18072
6443,184,184,72.18072
6459,185,184,72.18072
6475,185,185,72.18072
6491,186,185,72.18072
6507,186,186,72.18072
6523,187,186,72.18072
6539,187,186,72.18072
6555,187,187,72.18072
6571,188,187,72.18072
6587,188,188,72.18072
6603,189,188,72.18072
6619,189,189,72.18072
6635,190,189,72.18072
6651,190,190,72.18072
6667,191,190,72.18072
6683,191,191,72.18072
6699,192,191,72.18072
6715,192,191,72.18072
6731,192,192,72.18072
6747,193,192,72.18072
6763,193,193,72.18072
6779,194,193,72.18072
6795,194,194,72.18072
6811,195,194,72.18072
6827,195,195,72.18072
6843,196,195,72.18072
6859,196,196,72.18072
6875,197,196,72.18072
6891,197,197,72.18072
6907,198,197,72.18072
6923,198,197,72.18072
6939,198,198,72.18072
6955,199,198,72.18072
6971,199,199,72.18072
6987,200,199,72.18072
7003,200,200,72.18072
7019,201,200,72.18072
7035,201,201,72.18072
7051,202,201,72.18072
7067,202,202,72.18072
7083,203,202,72.18072
7099,203,202,72.18072
7115,203,203,72.18072
7131,204,203,72.18072
7147,204,204,72.18072
7163,205,204,72.18072
7179,205,205,72.18072
7195,206,205,72.18072
7211,206,206,72.18072
7227,207,206,72.18072
7243,207,207,72.18072
7259,208,207,72.18072
7275,208,208,72.18072
7291,209,208,72.18072
7307,209,208,72.18072
7323,209,209,72.18072
7339,210,209,72.18072
7355,210,210,72.18072
7371,211,210,72.18072
7387,211,211,72.18072
7403,212,211,72.18072
7419,212,212,72.18072
7435,213,212,72.18072
7451,213,213,72.18072
7467,214,213,72.18072
7483,214,214,72.18072
7499,215,214,72.18072
7515,215,214,72.18072
7531,215,215,72.18072
7547,216,215,72.18072
7563,216,216,72.18072
7579,217,216,72.18072
7595,217,217,72.18072
7611,218,217,72.18072
7627,218,218,72.18072
7643,219,218,72.18072
7659,219,219,72.18072
7675,220,219,72.18072
7691,220,219,72.18072
7707,220,220,72.18072
7723,221,220,72.18072
7739,221,221,72.18072
7755,222,221,72.18072
7771,222,222,72.18072
7787,223,222,72.18072
7803,223,223,72.18072
7819,224,223,72.18072
7835,224,224,72.18072
7851,225,224,72.18072
7867,225,225,72.18072
7883,226,225,72.18072
7899,226,225,72.18072
7915,226,226,72.18072
7931,227,226,72.18072
7947,227,227,72.18072
7963,228,227,72.18072
7979,228,228,72.18072
7995,229,228,72.18072
8011,229,229,72.18072
8027,230,229,72.18072
8043,230,230,72.18072
8059,231,230,72.18072
8075,231,230,72.18072
8091,231,231,72.18072
8107,232,231,72.18072
8123,232,232,72.18072
8139,233,232,72.18072
8155,233,233,72.18072
8171,234,233,72.18072
8187,234,234,72.18072
8203,235,234,72.18072
8219,235,235,72.18072
8235,236,235,72.18072
8251,236,236,72.18072
8267,237,236,72.18072
8283,237,236,72.18072
8299,237,237,72.18072
8315,238,237,72.18072
8331,238,238,72.18072
8347,239,238,72.18072
8363,239,239,72.18072
8379,240,239,72.18072
8395,240,240,72.18072
8411,241,240,72.18072
8427,241,241,72.18072
8443,242,241,72.18072
8459,242,241,72.18072
8475,242,242,72.18072
8491,243,242,72.18072
8507,243,243,72.18072
8523,244,243,72.18072
8539,244,244,72.18072
8555,245,244,72.18072
8571,245,245,72.18072
8587,246,245,72.18072
8603,246,246,72.18072
8619,247,246,72.18072
8635,247,247,72.18072
8651,248,247,72.18072
8667,248,247,72.18072
8683,248,248,72.18072
8699,249,248,72.18072
8715,249,249,72.18072
8731,250,249,72.18072
8747,250,250,72.18072
8763,251,250,72.18072
8779,251,251,72.18072
8795,252,251,72.18072
8811,252,252,72.18072
8827,253,252,72.18072
8843,253,253,72.18072
8859,254,253,72.18072
8875,254,253,72.18072
8891,254,254,72.18072
8907,255,254,72.18072
8923,255,255,72.18072
8939,256,255,72.18072
8955,256,256,72.18072
8971,257,256,72.18072
8987,257,257,72.18072
9003,258,257,72.18072
9019,258,258,72.18072
9035,259,258,72.18072
9051,259,258,72.18072
9067,259,259,72.18072
9083,260,259,72.18072
9099,260,260,72.18072
9115,261,260,72.18072
9131,261,261,72.18072
9147,262,261,72.18072
9163,262,262,72.18072
9179,263,262,72.18072
9195,263,263,72.18072
9211,264,263,72.18072
9227,264,264,72.18072
9243,265,264,72.18072
9259,265,264,72.18072
9275,265,265,72.18072
9291,266,265,72.18072
9307,266,266,72.18072
9323,267,266,72.18072
9339,267,267,72.18072
9355,268,267,72.18072
9371,268,268,72.18072
9387,269,268,72.18072
9403,269,269,72.18072
9419,270,269,72.18072
9435,270,269,72.18072
9451,270,270,72.18072
9467,271,270,72.18072
9483,271,271,72.18072
9499,272,271,48.12047999999999
9515,272,272,48.12047999999999
9531,273,272,48.12047999999999
9547,273,273,48.12047999999999
9563,274,273,48.12047999999999
9579,274,274,48.12047999999999
9595,275,274,48.12047999999999
9611,275,275,48.12047999999999
9627,276,275,48.12047999999999
9643,276,275,48.12047999999999
9659,276,276,48.12047999999999
9675,277,276,48.12047999999999
9691,277,277,48.12047999999999
9707,278,277,48.12047999999999
9723,278,278,48.12047999999999
9739,279,278,48.12047999999999
9755,279,279,48.12047999999999
9771,280,279,48.12047999999999
9787,280,280,48.12047999999999
9803,281,280,48.12047999999999
9819,281,280,48.12047999999999
9835,281,281,48.12047999999999
9851,282,281,48.12047999999999
9867,282,282,48.12047999999999
9883,283,282,48.12047999999999
9899,283,283,48.12047999999999
9915,284,283,48.12047999999999
9931,284,284,48.12047999999999
9947,285,284,48.12047999999999
9963,285,285,48.12047999999999
9979,286,285,48.12047999999999
9995,286,286,48.12047999999999
10011,287,286,48.12047999999999
10027,287,286,48.12047999999999
10043,287,287,48.12047999999999
10059,288,287,48.12047999999999
10075,288,288,48.12047999999999
10091,289,288,48.12047999999999
10107,289,289,48.12047999999999
10123,290,289,48.12047999999999
10139,290,290,48.12047999999999
10155,291,290,48.12047999999999
10171,291,291,72.18072
10187,292,291,72.18072
10203,292,291,72.18072
10219,292,292,72.18072
10235,293,292,72.18072
10251,293,293,72.18072
10267,294,293,72.18072
10283,294,294,72.18072
10299,295,294,72.18072
10315,295,295,72.18072
10331,296,295,72.18072
10347,296,296,72.18072
10363,297,296,72.18072
10379,297,297,72.18072
10395,298,297,72.18072
10411,298,297,72.18072
10427,298,298,72.18072
10443,299,298,72.18072
10459,299,299,72.18072
10475,300,299,72.18072
10491,300,300,72.18072
10507,301,300,72.18072
10523,301,301,72.18072
10539,302,301,72.18072
10555,302,302,72.18072
10571,303,302,72.18072
10587,303,303,72.18072
10603,304,303,72.18072
10619,304,303,72.18072
10635,304,304,72.18072
10651,305,304,72.18072
10667,305,305,72.18072
10683,306,305,72.18072
10699,306,306,72.18072
10715,307,306,72.18072
10731,307,307,72.18072
10747,308,307,72.18072
10763,308,308,72.18072
10779,309,308,72.18072
10795,309,308,72.18072
10811,309,309,72.18072
10827,310,309,72.18072
10843,310,310,72.18072
10859,311,310,72.18072
10875,311,311,72.18072
10891,312,311,72.18072
10907,312,312,72.18072
10923,313,312,72.18072
10939,313,313,72.18072
10955,314,313,72.18072
10971,314,314,72.18072
10987,315,314,72.18072
11003,315,314,72.18072
11019,315,315,72.18072
11035,316,315,72.18072
11051,316,316,72.18072
11067,317,316,72.18072
11083,317,317,72.18072
11099,318,317,72.18072
11115,318,318,72.18072
11131,319,318,72.18072
11147,319,319,72.18072
11163,320,319,72.18072
11179,320,319,72.18072
11195,320,320,72.18072
11211,321,320,72.18072
11227,321,321,72.18072
11243,322,321,72.18072
11259,322,322,72.18072
11275,323,322,72.18072
11291,323,323,72.18072
11307,324,323,72.18072
11323,324,324,72.18072
11339,325,324,72.18072
11355,325,325,72.18072
11371,326,325,72.18072
11387,326,325,72.18072
11403,326,326,72.18072
11419,327,326,72.18072
11435,327,327,72.18072
11451,328,327,72.18072
11467,328,328,72.18072
11483,329,328,72.18072
11499,329,329,72.18072
11515,330,329,72.18072
11531,330,330,72.18072
11547,331,330,72.18072
11563,331,330,72.18072
11579,331,331,72.18072
11595,332,331,72.18072
11611,332,332,72.18072
11627,333,332,72.18072
11643,333,333,72.18072
11659,334,333,72.18072
11675,334,334,72.18072
11691,335,334,72.18072
11707,335,335,72.18072
11723,336,335,72.18072
11739,336,336,72.18072
11755,337,336,72.18072
11771,337,336,72.18072
11787,337,337,72.18072
11803,338,337,72.18072
11819,338,338,72.18072
11835,339,338,72.18072
11851,339,339,72.18072
11867,340,339,72.18072
11883,340,340,72.18072
11899,341,340,72.18072
11915,341,341,72.18072
11931,342,341,72.18072
11947,342,342,72.18072
11963,343,342,72.18072
11979,343,342,72.18072
11995,343,343,72.18072
12011,344,343,72.18072
12027,344,344,72.18072
12043,345,344,72.18072
12059,345,345,72.18072
12075,346,345,72.18072
12091,346,346,72.18072
12107,347,346,72.18072
12123,347,347,72.18072
12139,348,347,72.18072
12155,348,347,72.18072
12171,348,348,72.18072
12187,349,348,72.18072
12203,349,349,72.18072
12219,350,349,72.18072
12235,350,350,72.18072
12251,351,350,72.18072
12267,351,351,72.18072
12283,352,351,72.18072
12299,352,352,72.18072
12315,353,352,72.18072
12331,353,353,72.18072
12347,354,353,72.18072
12363,354,353,72.18072
12379,354,354,72.18072
12395,355,354,72.18072
12411,355,355,72.18072
12427,356,355,72.18072
12443,356,356,72.18072
12459,357,356,72.18072
12475,357,357,72.18072
12491,358,357,72.18072
12507,358,358,72.18072
12523,359,358,72.18072
12539,359,358,72.18072
12555,359,359,72.18072
12571,360,359,72.18072
12587,360,360,72.18072
12603,361,360,72.18072
12619,361,361,72.18072
12635,362,361,72.18072
12651,362,362,72.18072
12667,363,362,72.18072
12683,363,363,72.18072
12699,364,363,72.18072
12715,364,364,72.18072
12731,365,364,72.18072
12747,365,364,72.18072
12763,365,365,72.18072
12779,366,365,72.18072
12795,366,366,72.18072
12811,367,366,72.18072
12827,367,367,72.18072
12843,368,367,72.18072
12859,368,368,72.18072
12875,369,368,72.18072
12891,369,369,72.18072
12907,370,369,72.18072
12923,370,369,72.18072
12939,370,370,72.18072
12955,371,370,72.18072
12971,371,371,72.18072
12987,372,371,72.18072
13003,372,372,72.18072
13019,373,372,72.18072
13035,373,373,72.18072
13051,374,373,72.18072
13067,374,374,72.18072
13083,375,374,72.18072
13099,375,375,72.18072
13115,376,375,72.18072
13131,376,375,72.18072
13147,376,376,72.18072
13163,377,376,72.18072
13179,377,377,72.18072
13195,378,377,72.18072
13211,378,378,72.18072
13227,379,378,72.18072
13243,379,379,72.18072
13259,380,379,72.18072
13275,380,380,72.18072
13291,381,380,72.18072
13307,381,380,72.18072
13323,381,381,72.18072
13339,382,381,72.18072
13355,382,382,72.18072
13371,383,382,72.18072
13387,383,383,72.18072
13403,384,383,72.18072
13419,384,384,72.18072
13435,385,384,72.18072
13451,385,385,72.18072
13467,386,385,72.18072
13483,386,386,72.18072
13499,387,386,72.18072
13515,387,386,72.18072
13531,387,387,72.18072
13547,388,387,72.18072
13563,388,388,72.18072
13579,389,388,72.18072
13595,389,389,72.18072
13611,390,389,72.18072
13627,390,390,72.18072
13643,391,390,72.18072
13659,391,391,72.18072
13675,392,391,72.18072
13691,392,392,72.18072
13707,393,392,72.18072
13723,393,392,72.18072
13739,393,393,72.18072
13755,394,393,72.18072
13771,394,394,72.18072
13787,395,394,72.18072
13803,395,395,72.18072
13819,396,395,72.18072
13835,396,396,72.18072
13851,397,396,72.18072
13867,397,397,72.18072
13883,398,397,72.18072
13899,398,397,72.18072
13915,398,398,72.18072
13931,399,398,72.18072
13947,399,399,72.18072
13963,400,399,72.18072
13979,400,400,72.18072
13995,401,400,72.18072
14011,401,401,72.18072
14027,402,401,72.18072
14043,402,402,72.18072
14059,403,402,72.18072
14075,403,403,72.18072
14091,404,403,72.18072
14107,404,403,72.18072
14123,404,404,72.18072
14139,405,404,72.18072
14155,405,405,72.18072
14171,406,405,72.18072
14187,406,406,72.18072
14203,407,406,72.18072
14219,407,407,72.18072
14235,408,407,72.18072
14251,408,408,72.18072
14267,409,408,72.18072
14283,409,408,72.18072
14299,409,409,72.18072
14315,410,409,72.18072
14331,410,410,72.18072
14347,411,410,72.18072
14363,411,411,72.18072
14379,412,411,72.18072
14395,412,412,72.18072
14411,413,412,72.18072
14427,413,413,72.18072
14443,414,413,72.18072
14459,414,414,72.18072
14475,415,414,72.18072
14491,415,414,72.18072
14507,415,415,72.18072
14523,416,415,72.18072
14539,416,416,72.18072
14555,417,416,72.18072
14571,417,417,72.18072
14587,418,417,72.18072
14603,418,418,72.18072
14619,419,418,72.18072
14635,419,419,72.18072
14651,420,419,72.18072
14667,420,419,72.18072
14683,420,420,72.18072
14699,421,420,72.18072
14715,421,421,72.18072
14731,422,421,72.18072
14747,422,422,72.18072
14763,423,422,72.18072
14779,423,423,72.18072
14795,424,423,72.18072
14811,424,424,72.18072
14827,425,424,72.18072
14843,425,425,72.18072
14859,426,425,72.18072
14875,426,425,72.18072
14891,426,426,72.18072
14907,427,426,72.18072
14923,427,427,72.18072
14939,428,427,72.18072
14955,428,428,72.18072
14971,429,428,72.18072
14987,429,429,72.18072
15003,430,429,72.18072
15019,430,430,72.18072
15035,431,430,72.18072
15051,431,430,72.18072
15067,431,431,72.18072
15083,432,431,72.18072
15099,432,432,72.18072
15115,433,432,72.18072
15131,433,433,72.18072
15147,434,433,72.18072
15163,434,434,72.18072
15179,435,434,72.18072
15195,435,435,72.18072
15211,436,435,72.18072
15227,436,436,72.18072
15243,437,436,72.18072
15259,437,436,96.24095999999999
15275,437,437,96.24095999999999
15291,438,437,96.24095999999999
15307,438,438,96.24095999999999
15323,439,438,96.24095999999999
15339,439,439,96.24095999999999
15355,440,439,96.24095999999999
15371,440,440,96.24095999999999
15387,441,440,96.24095999999999
15403,441,441,96.24095999999999
15419,442,441,96.24095999999999
15435,442,442,96.24095999999999
15451,443,442,96.24095999999999
15467,443,442,96.24095999999999
15483,443,443,96.24095999999999
15499,444,443,96.24095999999999
15515,444,444,96.24095999999999
15531,445,444,96.24095999999999
15547,445,445,96.24095999999999
15563,446,445,96.24095999999999
15579,446,446,96.24095999999999
15595,447,446,96.24095999999999
15611,447,447,96.24095999999999
15627,448,447,96.24095999999999
15643,448,447,96.24095999999999
15659,448,448,96.24095999999999
15675,449,448,72.18072
15691,449,449,72.18072
15707,450,449,72.18072
15723,450,450,72.18072
15739,451,450,72.18072
15755,451,451,72.18072
15771,452,451,72.18072
15787,452,452,72.18072
15803,453,452,72.18072
15819,453,453,72.18072
15835,454,453,72.18072
15851,454,453,72.18072
15867,454,454,72.18072
15883,455,454,72.18072
15899,455,455,72.18072
15915,456,455,72.18072
15931,456,456,72.18072
15947,457,456,72.18072
15963,457,457,72.18072
15979,458,457,72.18072
15995,458,458,48.12047999999999
16011,459,458,48.12047999999999
16027,459,458,72.18072
16043,459,459,72.18072
16059,460,459,48.12047999999999
16075,460,460,48.12047999999999
16091,461,460,96.24095999999999
16107,461,461,96.24095999999999
16123,462,461,96.24095999999999
16139,462,462,96.24095999999999
16155,463,462,96.24095999999999
16171,463,463,96.24095999999999
16187,464,463,96.24095999999999
16203,464,464,96.24095999999999
16219,465,464,96.24095999999999
16235,465,464,96.24095999999999
16251,465,465,96.24095999999999
16267,466,465,96.24095999999999
16283,466,466,96.24095999999999
16299,467,466,96.24095999999999
16315,467,467,96.24095999999999
16331,468,467,96.24095999999999
16347,468,468,96.24095999999999
16363,469,468,96.24095999999999
16379,469,469,96.24095999999999
16395,470,469,96.24095999999999
16411,470,469,96.24095999999999
16427,470,470,96.24095999999999
16443,471,470,96.24095999999999
16459,471,471,96.24095999999999
16475,472,471,96.24095999999999
16491,472,472,96.24095999999999
16507,473,472,96.24095999999999
16523,473,473,96.24095999999999
16539,474,473,96.24095999999999
16555,474,474,96.24095999999999
16571,475,474,96.24095999999999
16587,475,475,96.24095999999999
16603,476,475,96.24095999999999
16619,476,475,96.24095999999999
16635,476,476,96.24095999999999
16651,477,476,96.24095999999999
16667,477,477,96.24095999999999
16683,478,477,96.24095999999999
16699,478,478,96.24095999999999
16715,479,478,96.24095999999999
16731,479,479,96.24095999999999
16747,480,479,96.24095999999999
16763,480,480,72.18072
16779,481,480,72.18072
16795,481,481,72.18072
16811,482,481,72.18072
16827,482,481,72.18072
16843,482,482,72.18072
16859,483,482,72.18072
16875,483,483,72.18072
16891,484,483,72.18072
16907,484,484,72.18072
16923,485,484,72.18072
16939,485,485,72.18072
16955,486,485,72.18072
16971,486,486,72.18072
16987,487,486,72.18072
17003,487,486,72.18072
17019,487,487,72.18072
17035,488,487,72.18072
17051,488,488,72.18072
17067,489,488,72.18072
17083,489,489,72.18072
17099,490,489,72.18072
17115,490,490,72.18072
17131,491,490,72.18072
17147,491,491,72.18072
17163,492,491,72.18072
17179,492,492,96.24095999999999
17195,493,492,96.24095999999999
17211,493,492,96.24095999999999
17227,493,493,96.24095999999999
17243,494,493,96.24095999999999
17259,494,494,96.24095999999999
17275,495,494,96.24095999999999
17291,495,495,96.24095999999999
17307,496,495,96.24095999999999
17323,496,496,96.24095999999999
17339,497,496,96.24095999999999
17355,497,497,96.24095999999999
17371,498,497,96.24095999999999
17387,498,497,96.24095999999999
17403,498,498,96.24095999999999
17419,499,498,96.24095999999999
17435,499,499,96.24095999999999
17451,500,499,96.24095999999999
17467,500,500,96.24095999999999
17483,501,500,96.24095999999999
17499,501,501,96.24095999999999
17515,502,501,96.24095999999999
17531,502,502,96.24095999999999
17547,503,502,96.24095999999999
17563,503,503,96.24095999999999
17579,504,503,96.24095999999999
17595,504,503,96.24095999999999
17611,504,504,96.24095999999999
17627,505,504,96.24095999999999
17643,505,505,96.24095999999999
17659,506,505,96.24095999999999
17675,506,506,96.24095999999999
17691,507,506,96.24095999999999
17707,507,507,96.24095999999999
17723,508,507,96.24095999999999
17739,508,508,96.24095999999999
17755,509,508,96.24095999999999
17771,509,508,96.24095999999999
17787,509,509,96.24095999999999
17803,510,509,96.24095999999999
17819,510,510,96.24095999999999
17835,511,510,96.24095999999999
17851,511,511,96.24095999999999
17867,512,511,96.24095999999999
17883,512,512,96.24095999999999
17899,513,512,96.24095999999999
17915,513,513,96.24095999999999
17931,514,513,96.24095999999999
17947,514,514,48.12047999999999
17963,515,514,48.12047999999999
17979,515,514,48.12047999999999
17995,515,515,48.12047999999999
18011,516,515,48.12047999999999
18027,516,516,48.12047999999999
18043,517,516,48.12047999999999
18059,517,517,48.12047999999999
18075,518,517,48.12047999999999
18091,518,518,48.12047999999999
18107,519,518,48.12047999999999
18123,519,519,48.12047999999999
18139,520,519,48.12047999999999
18155,520,519,48.12047999999999
18171,520,520,48.12047999999999
18187,521,520,48.12047999999999
18203,521,521,48.12047999999999
18219,522,521,48.12047999999999
18235,522,522,48.12047999999999
18251,523,522,48.12047999999999
18267,523,523,48.12047999999999
18283,524,523,48.12047999999999
18299,524,524,48.12047999999999
18315,525,524,48.12047999999999
18331,525,525,48.12047999999999
18347,526,525,48.12047999999999
18363,526,525,48.12047999999999
18379,526,526,48.12047999999999
18395,527,526,48.12047999999999
18411,527,527,48.12047999999999
18427,528,527,48.12047999999999
18443,528,528,48.12047999999999
18459,529,528,48.12047999999999
18475,529,529,48.12047999999999
18491,530,529,48.12047999999999
18507,530,530,144.36144
18523,531,530,144.36144
18539,531,531,144.36144
18555,532,531,144.36144
18571,532,531,144.36144
18587,532,532,144.36144
18603,533,532,144.36144
18619,533,533,144.36144
18635,534,533,144.36144
18651,534,534,144.36144
18667,535,534,144.36144
18683,535,535,144.36144
18699,536,535,144.36144
18715,536,536,144.36144
18731,537,536,144.36144
18747,537,536,144.36144
18763,537,537,144.36144
18779,538,537,144.36144
18795,538,538,144.36144
18811,539,538,144.36144
18827,539,539,144.36144
18843,540,539,144.36144
18859,540,540,144.36144
18875,541,540,144.36144
18891,541,541,144.36144
18907,542,541,144.36144
18923,542,542,144.36144
18939,543,542,144.36144
18955,543,542,144.36144
18971,543,543,144.36144
18987,544,543,144.36144
19003,544,544,144.36144
19019,545,544,144.36144
19035,545,545,144.36144
19051,546,545,144.36144
19067,546,546,144.36144
19083,547,546,144.36144
19099,547,547,144.36144
19115,548,547,144.36144
19131,548,547,144.36144
19147,548,548,144.36144
19163,549,548,144.36144
19179,549,549,144.36144
19195,550,549,144.36144
19211,550,550,144.36144
19227,551,550,144.36144
19243,551,551,144.36144
19259,552,551,144.36144
19275,552,552,144.36144
19291,553,552,144.36144
19307,553,553,144.36144
19323,554,553,144.36144
19339,554,553,144.36144
19355,554,554,144.36144
19371,555,554,144.36144
19387,555,555,144.36144
19403,556,555,144.36144
19419,556,556,144.36144
19435,557,556,72.18072
19451,557,557,72.18072
19467,558,557,72.18072
19483,558,558,72.18072
19499,559,558,72.18072
19515,559,558,72.18072
19531,559,559,72.18072
19547,560,559,72.18072
19563,560,560,72.18072
19579,561,560,72.18072
19595,561,561,72.18072
19611,562,561,72.18072
19627,562,562,72.18072
19643,563,562,72.18072
19659,563,563,72.18072
19675,564,563,72.18072
19691,564,564,72.18072
19707,565,564,72.18072
19723,565,564,72.18072
19739,565,565,72.18072
19755,566,565,144.36144
19771,566,566,144.36144
19787,567,566,144.36144
19803,567,567,144.36144
19819,568,567,144.36144
19835,568,568,144.36144
19851,569,568,144.36144
19867,569,569,144.36144
19883,570,569,144.36144
19899,570,569,144.36144
19915,570,570,144.36144
19931,571,570,144.36144
19947,571,571,144.36144
19963,572,571,168.42167999999998
19979,572,572,168.42167999999998
19995,573,572,84.21083999999999
20011,573,573,84.21083999999999
20027,574,573,84.21083999999999
20043,574,574,84.21083999999999
20059,575,574,84.21083999999999
20075,575,575,84.21083999999999
20091,576,575,84.21083999999999
20107,576,575,84.21083999999999
20123,576,576,84.21083999999999
20139,577,576,84.21083999999999
20155,577,577,84.21083999999999
20171,578,577,84.21083999999999
20187,578,578,84.21083999999999
20203,579,578,84.21083999999999
20219,579,579,84.21083999999999
20235,580,579,84.21083999999999
20251,580,580,84.21083999999999
20267,581,580,84.21083999999999
20283,581,581,72.18072
20299,582,581,72.18072
20315,582,581,72.18072
20331,582,582,72.18072
20347,583,582,72.18072
20363,583,583,72.18072
20379,584,583,72.18072
20395,584,584,72.18072
20411,585,584,72.18072
20427,585,585,72.18072
20443,586,585,72.18072
20459,586,586,72.18072
20475,587,586,72.18072
20491,587,586,48.12047999999999
20507,587,587,48.12047999999999
20523,588,587,48.12047999999999
20539,588,588,48.12047999999999
20555,589,588,48.12047999999999
20571,589,589,48.12047999999999
20587,590,589,48.12047999999999
20603,590,590,48.12047999999999
20619,591,590,48.12047999999999
20635,591,591,48.12047999999999
20651,592,591,48.12047999999999
20667,592,592,48.12047999999999
20683,593,592,48.12047999999999
20699,593,592,48.12047999999999
20715,593,593,48.12047999999999
20731,594,593,48.12047999999999
20747,594,594,48.12047999999999
20763,595,594,48.12047999999999
20779,595,595,48.12047999999999
20795,596,595,48.12047999999999
20811,596,596,48.12047999999999
20827,597,596,48.12047999999999
20843,597,597,84.21083999999999
20859,598,597,84.21083999999999
20875,598,597,84.21083999999999
20891,598,598,84.21083999999999
20907,599,598,84.21083999999999
20923,599,599,84.21083999999999
20939,600,599,84.21083999999999
20955,600,600,84.21083999999999
20971,601,600,84.21083999999999
20987,601,601,84.21083999999999
21003,602,601,84.21083999999999
21019,602,602,84.21083999999999
21035,603,602,84.21083999999999
21051,603,603,72.18072
21067,604,603,72.18072
21083,604,603,72.18072
21099,604,604,72.18072
21115,605,604,72.18072
21131,605,605,72.18072
21147,606,605,72.18072
21163,606,606,72.18072
21179,607,606,72.18072
21195,607,607,72.18072
21211,608,607,72.18072
21227,608,608,72.18072
21243,609,608,72.18072
21259,609,608,72.18072
21275,609,609,72.18072
21291,610,609,72.18072
21307,610,610,72.18072
21323,611,610,72.18072
21339,611,611,72.18072
21355,612,611,72.18072
21371,612,612,72.18072
21387,613,612,72.18072
21403,613,613,72.18072
21419,614,613,72.18072
21435,614,614,144.36144
21451,615,614,144.36144
21467,615,614,144.36144
21483,615,615,144.36144
21499,616,615,144.36144
21515,616,616,144.36144
21531,617,616,144.36144
21547,617,617,144.36144
21563,618,617,84.21083999999999
21579,618,618,84.21083999999999
21595,619,618,84.21083999999999
21611,619,619,84.21083999999999
21627,620,619,84.21083999999999
21643,620,620,84.21083999999999
21659,621,620,84.21083999999999
21675,621,620,84.21083999999999
21691,621,621,84.21083999999999
21707,622,621,48.12047999999999
21723,622,622,48.12047999999999
21739,623,622,48.12047999999999
21755,623,623,48.12047999999999
21771,624,623,144.36144
21787,624,624,144.36144
21803,625,624,144.36144
21819,625,625,144.36144
21835,626,625,144.36144
21851,626,625,144.36144
21867,626,626,144.36144
21883,627,626,72.18072
21899,627,627,72.18072
21915,628,627,72.18072
21931,628,628,72.18072
21947,629,628,72.18072
21963,629,629,72.18072
21979,630,629,72.18072
21995,630,630,72.18072
22011,631,630,72.18072
22027,631,631,72.18072
22043,632,631,72.18072
22059,632,631,72.18072
22075,632,632,72.18072
22091,633,632,72.18072
22107,633,633,72.18072
22123,634,633,72.18072
22139,634,634,72.18072
22155,635,634,72.18072
22171,635,635,72.18072
22187,636,635,72.18072
22203,636,636,72.18072
22219,637,636,72.18072
22235,637,636,72.18072
22251,637,637,72.18072
22267,638,637,84.21083999999999
22283,638,638,84.21083999999999
22299,639,638,84.21083999999999
22315,639,639,84.21083999999999
22331,640,639,84.21083999999999
22347,640,640,84.21083999999999
22363,641,640,84.21083999999999
22379,641,641,84.21083999999999
22395,642,641,84.21083999999999
22411,642,642,84.21083999999999
22427,643,642,84.21083999999999
22443,643,642,84.21083999999999
22459,643,643,84.21083999999999
22475,644,643,84.21083999999999
22491,644,644,84.21083999999999
22507,645,644,84.21083999999999
22523,645,645,84.21083999999999
22539,646,645,84.21083999999999
22555,646,646,84.21083999999999
22571,647,646,84.21083999999999
22587,647,647,84.21083999999999
22603,648,647,84.21083999999999
22619,648,647,72.18072
22635,648,648,72.18072
22651,649,648,72.18072
22667,649,649,72.18072
22683,650,649,72.18072
22699,650,650,72.18072
22715,651,650,72.18072
22731,651,651,72.18072
22747,652,651,72.18072
22763,652,652,72.18072
22779,653,652,72.18072
22795,653,653,72.18072
22811,654,653,72.18072
22827,654,653,72.18072
22843,654,654,72.18072
22859,655,654,72.18072
22875,655,655,72.18072
22891,656,655,72.18072
22907,656,656,72.18072
22923,657,656,72.18072
22939,657,657,72.18072
22955,658,657,72.18072
22971,658,658,72.18072
22987,659,658,72.18072
23003,659,658,84.21083999999999
23019,659,659,84.21083999999999
23035,660,659,84.21083999999999
23051,660,660,84.21083999999999
23067,661,660,84.21083999999999
23083,661,661,84.21083999999999
23099,662,661,84.21083999999999
23115,662,662,84.21083999999999
23131,663,662,84.21083999999999
23147,663,663,84.21083999999999
23163,664,663,84.21083999999999
23179,664,664,60.1506
23195,665,664,60.1506
23211,665,664,60.1506
23227,665,665,60.1506
23243,666,665,60.1506
23259,666,666,60.1506
23275,667,666,60.1506
23291,667,667,60.1506
23307,668,667,60.1506
23323,668,668,60.1506
23339,669,668,60.1506
23355,669,669,60.1506
23371,670,669,60.1506
23387,670,670,60.1506
23403,671,670,60.1506
23419,671,670,60.1506
23435,671,671,60.1506
23451,672,671,60.1506
23467,672,672,60.1506
23483,673,672,60.1506
23499,673,673,60.1506
23515,674,673,60.1506
23531,674,674,60.1506
23547,675,674,60.1506
23563,675,675,60.1506
23579,676,675,60.1506
23595,676,675,60.1506
23611,676,676,60.1506
23627,677,676,60.1506
23643,677,677,60.1506
23659,678,677,84.21083999999999
23675,678,678,84.21083999999999
23691,679,678,84.21083999999999
23707,679,679,84.21083999999999
23723,680,679,84.21083999999999
23739,680,680,84.21083999999999
23755,681,680,84.21083999999999
23771,681,681,84.21083999999999
23787,682,681,84.21083999999999
23803,682,681,84.21083999999999
23819,682,682,84.21083999999999
23835,683,682,84.21083999999999
23851,683,683,84.21083999999999
23867,684,683,84.21083999999999
23883,684,684,84.21083999999999
23899,685,684,120.3012
23915,685,685,120.3012
23931,686,685,120.3012
23947,686,686,120.3012
23963,687,686,120.3012
23979,687,686,60.1506
23995,687,687,60.1506
24011,688,687,60.1506
24027,688,688,60.1506
24043,689,688,60.1506
24059,689,689,60.1506
24075,690,689,60.1506
24091,690,690,60.1506
24107,691,690,60.1506
24123,691,691,60.1506
24139,692,691,60.1506
24155,692,692,60.1506
24171,693,692,60.1506
24187,693,692,60.1506
24203,693,693,60.1506
24219,694,693,60.1506
24235,694,694,60.1506
24251,695,694,60.1506
24267,695,695,60.1506
24283,696,695,60.1506
24299,696,696,60.1506
24315,697,696,60.1506
24331,697,697,60.1506
24347,698,697,60.1506
24363,698,697,60.1506
24379,698,698,60.1506
24395,699,698,60.1506
24411,699,699,60.1506
24427,700,699,60.1506
24443,700,700,60.1506
24459,701,700,48.12047999999999
24475,701,701,48.12047999999999
24491,702,701,48.12047999999999
24507,702,702,48.12047999999999
24523,703,702,48.12047999999999
24539,703,703,48.12047999999999
24555,704,703,48.12047999999999
24571,704,703,48.12047999999999
24587,704,704,48.12047999999999
24603,705,704,48.12047999999999
24619,705,705,48.12047999999999
24635,706,705,48.12047999999999
24651,706,706,48.12047999999999
24667,707,706,48.12047999999999
24683,707,707,48.12047999999999
24699,708,707,48.12047999999999
24715,708,708,48.12047999999999
24731,709,708,48.12047999999999
24747,709,708,48.12047999999999
24763,709,709,48.12047999999999
24779,710,709,48.12047999999999
24795,710,710,48.12047999999999
24811,711,710,48.12047999999999
24827,711,711,48.12047999999999
24843,712,711,48.12047999999999
24859,712,712,48.12047999999999
24875,713,712,48.12047999999999
24891,713,713,48.12047999999999
24907,714,713,48.12047999999999
24923,714,714,48.12047999999999
24939,715,714,48.12047999999999
24955,715,714,60.1506
24971,715,715,60.1506
24987,716,715,60.1506
25003,716,716,60.1506
25019,717,716,60.1506
25035,717,717,60.1506
25051,718,717,60.1506
25067,718,718,60.1506
25083,719,718,60.1506
25099,719,719,60.1506
25115,720,719,60.1506
25131,720,720,60.1506
25147,721,720,60.1506
25163,721,720,60.1506
25179,721,721,60.1506
25195,722,721,60.1506
25211,722,722,60.1506
25227,723,722,60.1506
25243,723,723,60.1506
25259,724,723,60.1506
25275,724,724,60.1506
25291,725,724,60.1506
25307,725,725,60.1506
25323,726,725,60.1506
25339,726,725,60.1506
25355,726,726,60.1506
25371,727,726,60.1506
25387,727,727,60.1506
25403,728,727,60.1506
25419,728,728,60.1506
25435,729,728,60.1506
25451,729,729,60.1506
25467,730,729,60.1506
25483,730,730,60.1506
25499,731,730,60.1506
25515,731,731,60.1506
25531,732,731,60.1506
25547,732,731,60.1506
25563,732,732,60.1506
25579,733,732,168.42167999999998
25595,733,733,168.42167999999998
25611,734,733,168.42167999999998
25627,734,734,168.42167999999998
25643,735,734,72.18072
25659,735,735,72.18072
25675,736,735,72.18072
25691,736,736,72.18072
25707,737,736,72.18072
25723,737,736,72.18072
25739,737,737,72.18072
25755,738,737,72.18072
25771,738,738,72.18072
25787,739,738,72.18072
25803,739,739,72.18072
25819,740,739,72.18072
25835,740,740,72.18072
25851,741,740,72.18072
25867,741,741,72.18072
25883,742,741,72.18072
25899,742,742,60.1506
25915,743,742,60.1506
25931,743,742,60.1506
25947,743,743,60.1506
25963,744,743,60.1506
25979,744,744,60.1506
25995,745,744,60.1506
26011,745,745,60.1506
26027,746,745,60.1506
26043,746,746,60.1506
26059,747,746,60.1506
26075,747,747,60.1506
26091,748,747,60.1506
26107,748,747,60.1506
26123,748,748,60.1506
26139,749,748,60.1506
26155,749,749,60.1506
26171,750,749,60.1506
26187,750,750,60.1506
26203,751,750,60.1506
26219,751,751,60.1506
26235,752,751,60.1506
26251,752,752,60.1506
26267,753,752,60.1506
26283,753,753,60.1506
26299,754,753,60.1506
26315,754,753,60.1506
26331,754,754,60.1506
26347,755,754,60.1506
26363,755,755,60.1506
26379,756,755,60.1506
26395,756,756,60.1506
26411,757,756,60.1506
26427,757,757,60.1506
26443,758,757,60.1506
26459,758,758,60.1506
26475,759,758,60.1506
26491,759,759,72.18072
26507,760,759,72.18072
26523,760,759,72.18072
26539,760,760,72.18072
26555,761,760,72.18072
26571,761,761,72.18072
26587,762,761,72.18072
26603,762,762,72.18072
26619,763,762,48.12047999999999
26635,763,763,48.12047999999999
26651,764,763,48.12047999999999
26667,764,764,48.12047999999999
26683,765,764,48.12047999999999
26699,765,764,48.12047999999999
26715,765,765,48.12047999999999
26731,766,765,48.12047999999999
26747,766,766,48.12047999999999
26763,767,766,48.12047999999999
26779,767,767,48.12047999999999
26795,768,767,108.27107999999998
26811,768,768,108.27107999999998
26827,769,768,108.27107999999998
26843,769,769,108.27107999999998
26859,770,769,108.27107999999998
26875,770,770,108.27107999999998
26891,771,770,108.27107999999998
26907,771,770,60.1506
26923,771,771,60.1506
26939,772,771,60.1506
26955,772,772,60.1506
26971,773,772,60.1506
26987,773,773,60.1506
27003,774,773,60.1506
27019,774,774,60.1506
27035,775,774,60.1506
27051,775,775,60.1506
27067,776,775,60.1506
27083,776,775,60.1506
27099,776,776,60.1506
27115,777,776,60.1506
27131,777,777,60.1506
27147,778,777,60.1506
27163,778,778,60.1506
27179,779,778,60.1506
27195,779,779,60.1506
27211,780,779,60.1506
27227,780,780,60.1506
27243,781,780,60.1506
27259,781,781,60.1506
27275,782,781,60.1506
27291,782,781,60.1506
27307,782,782,60.1506
27323,783,782,60.1506
27339,783,783,60.1506
27355,784,783,60.1506
27371,784,784,60.1506
27387,785,784,60.1506
27403,785,785,60.1506
27419,786,785,60.1506
27435,786,786,60.1506
27451,787,786,60.1506
27467,787,786,60.1506
27483,787,787,60.1506
27499,788,787,60.1506
27515,788,788,60.1506
27531,789,788,60.1506
27547,789,789,60.1506
27563,790,789,60.1506
27579,790,790,60.1506
27595,791,790,60.1506
27611,791,791,60.1506
27627,792,791,60.1506
27643,792,792,48.12047999999999
27659,793,792,48.12047999999999
27675,793,792,48.12047999999999
27691,793,793,48.12047999999999
27707,794,793,48.12047999999999
27723,794,794,48.12047999999999
27739,795,794,48.12047999999999
27755,795,795,48.12047999999999
27771,796,795,48.12047999999999
27787,796,796,48.12047999999999
27803,797,796,48.12047999999999
27819,797,797,48.12047999999999
27835,798,797,48.12047999999999
27851,798,797,48.12047999999999
27867,798,798,48.12047999999999
27883,799,798,48.12047999999999
27899,799,799,48.12047999999999
27915,800,799,48.12047999999999
27931,800,800,48.12047999999999
27947,801,800,48.12047999999999
27963,801,801,48.12047999999999
27979,802,801,48.12047999999999
27995,802,802,48.12047999999999
28011,803,802,48.12047999999999
28027,803,803,48.12047999999999
28043,804,803,48.12047999999999
28059,804,803,48.12047999999999
28075,804,804,48.12047999999999
28091,805,804,48.12047999999999
28107,805,805,48.12047999999999
28123,806,805,48.12047999999999
28139,806,806,48.12047999999999
28155,807,806,48.12047999999999
28171,807,807,48.12047999999999
28187,808,807,48.12047999999999
28203,808,808,60.1506
28219,809,808,60.1506
28235,809,809,60.1506
28251,810,809,60.1506
28267,810,809,60.1506
28283,810,810,60.1506
28299,811,810,60.1506
28315,811,811,60.1506
28331,812,811,60.1506
28347,812,812,60.1506
28363,813,812,84.21083999999999
28379,813,813,84.21083999999999
28395,814,813,84.21083999999999
28411,814,814,84.21083999999999
28427,815,814,84.21083999999999
28443,815,814,84.21083999999999
28459,815,815,84.21083999999999
28475,816,815,84.21083999999999
28491,816,816,84.21083999999999
28507,817,816,84.21083999999999
28523,817,817,84.21083999999999
28539,818,817,48.12047999999999
28555,818,818,48.12047999999999
28571,819,818,48.12047999999999
28587,819,819,48.12047999999999
28603,820,819,48.12047999999999
28619,820,820,48.12047999999999
28635,821,820,48.12047999999999
28651,821,820,48.12047999999999
28667,821,821,48.12047999999999
28683,822,821,48.12047999999999
28699,822,822,48.12047999999999
28715,823,822,48.12047999999999
28731,823,823,48.12047999999999
28747,824,823,48.12047999999999
28763,824,824,48.12047999999999
28779,825,824,48.12047999999999
28795,825,825,48.12047999999999
28811,826,825,48.12047999999999
28827,826,825,48.12047999999999
28843,826,826,48.12047999999999
28859,827,826,48.12047999999999
28875,827,827,48.12047999999999
28891,828,827,48.12047999999999
28907,828,828,48.12047999999999
28923,829,828,48.12047999999999
28939,829,829,48.12047999999999
28955,830,829,48.12047999999999
28971,830,830,48.12047999999999
28987,831,830,48.12047999999999
29003,831,831,48.12047999999999
29019,832,831,48.12047999999999
29035,832,831,48.12047999999999
29051,832,832,48.12047999999999
29067,833,832,48.12047999999999
29083,833,833,48.12047999999999
29099,834,833,48.12047999999999
29115,834,834,48.12047999999999
29131,835,834,48.12047999999999
29147,835,835,48.12047999999999
29163,836,835,48.12047999999999
29179,836,836,48.12047999999999
29195,837,836,48.12047999999999
29211,837,836,48.12047999999999
29227,837,837,48.12047999999999
29243,838,837,48.12047999999999
29259,838,838,48.12047999999999
29275,839,838,48.12047999999999
29291,839,839,48.12047999999999
29307,840,839,48.12047999999999
29323,840,840,48.12047999999999
29339,841,840,48.12047999999999
29355,841,841,48.12047999999999
29371,842,841,48.12047999999999
29387,842,842,48.12047999999999
29403,843,842,48.12047999999999
29419,843,842,48.12047999999999
29435,843,843,48.12047999999999
29451,844,843,48.12047999999999
29467,844,844,48.12047999999999
29483,845,844,72.18072
29499,845,845,72.18072
29515,846,845,72.18072
29531,846,846,72.18072
29547,847,846,72.18072
29563,847,847,72.18072
29579,848,847,72.18072
29595,848,848,72.18072
29611,849,848,72.18072
29627,849,848,72.18072
29643,849,849,72.18072
29659,850,849,72.18072
29675,850,850,72.18072
29691,851,850,72.18072
29707,851,851,72.18072
29723,852,851,72.18072
29739,852,852,72.18072
29755,853,852,72.18072
29771,853,853,72.18072
29787,854,853,72.18072
29803,854,853,72.18072
29819,854,854,72.18072
29835,855,854,72.18072
29851,855,855,72.18072
29867,856,855,72.18072
29883,856,856,72.18072
29899,857,856,72.18072
29915,857,857,72.18072
29931,858,857,72.18072
29947,858,858,72.18072
29963,859,858,72.18072
29979,859,859,72.18072
29995,860,859,72.18072
30011,860,859,72.18072
30027,860,860,72.18072
30043,861,860,72.18072
30059,861,861,72.18072
30075,862,861,72.18072
30091,862,862,72.18072
30107,863,862,72.18072
30123,863,863,72.18072
30139,864,863,72.18072
30155,864,864,72.18072
30171,865,864,72.18072
30187,865,864,72.18072
30203,865,865,72.18072
30219,866,865,72.18072
30235,866,866,72.18072
30251,867,866,72.18072
30267,867,867,72.18072
30283,868,867,72.18072
30299,868,868,72.18072
30315,869,868,72.18072
30331,869,869,72.18072
30347,870,869,72.18072
30363,870,870,108.27107999999998
30379,871,870,108.27107999999998
30395,871,870,108.27107999999998
30411,871,871,108.27107999999998
30427,872,871,108.27107999999998
30443,872,872,108.27107999999998
30459,873,872,108.27107999999998
30475,873,873,108.27107999999998
30491,874,873,48.12047999999999
30507,874,874,48.12047999999999
30523,875,874,48.12047999999999
30539,875,875,48.12047999999999
30555,876,875,48.12047999999999
30571,876,875,48.12047999999999
30587,876,876,48.12047999999999
30603,877,876,48.12047999999999
30619,877,877,48.12047999999999
30635,878,877,96.24095999999999
30651,878,878,96.24095999999999
30667,879,878,48.12047999999999
30683,879,879,48.12047999999999
30699,880,879,48.12047999999999
30715,880,880,48.12047999999999
30731,881,880,48.12047999999999
30747,881,881,96.24095999999999
30763,882,881,96.24095999999999
30779,882,881,96.24095999999999
30795,882,882,96.24095999999999
30811,883,882,96.24095999999999
30827,883,883,96.24095999999999
30843,884,883,96.24095999999999
30859,884,884,96.24095999999999
30875,885,884,96.24095999999999
30891,885,885,96.24095999999999
30907,886,885,96.24095999999999
30923,886,886,48.12047999999999
30939,887,886,48.12047999999999
30955,887,886,48.12047999999999
30971,887,887,48.12047999999999
30987,888,887,48.12047999999999
31003,888,888,48.12047999999999
31019,889,888,48.12047999999999
31035,889,889,48.12047999999999
31051,890,889,48.12047999999999
31067,890,890,48.12047999999999
31083,891,890,48.12047999999999
31099,891,891,48.12047999999999
31115,892,891,48.12047999999999
31131,892,892,48.12047999999999
31147,893,892,48.12047999999999
31163,893,892,48.12047999999999
31179,893,893,48.12047999999999
31195,894,893,48.12047999999999
31211,894,894,48.12047999999999
31227,895,894,48.12047999999999
31243,895,895,48.12047999999999
31259,896,895,48.12047999999999
31275,896,896,48.12047999999999
31291,897,896,48.12047999999999
31307,897,897,48.12047999999999
31323,898,897,48.12047999999999
31339,898,898,48.12047999999999
31355,899,898,48.12047999999999
31371,899,898,48.12047999999999
31387,899,899,48.12047999999999
31403,900,899,48.12047999999999
31419,900,900,48.12047999999999
31435,901,900,48.12047999999999
31451,901,901,48.12047999999999
31467,902,901,48.12047999999999
31483,902,902,48.12047999999999
31499,903,902,48.12047999999999
31515,903,903,48.12047999999999
31531,904,903,48.12047999999999
31547,904,903,48.12047999999999
31563,904,904,48.12047999999999
31579,905,904,48.12047999999999
31595,905,905,48.12047999999999
31611,906,905,108.27107999999998
31627,906,906,108.27107999999998
31643,907,906,108.27107999999998
31659,907,907,108.27107999999998
31675,908,907,108.27107999999998
31691,908,908,108.27107999999998
31707,909,908,108.27107999999998
31723,909,909,108.27107999999998
31739,910,909,108.27107999999998
31755,910,909,108.27107999999998
31771,910,910,108.27107999999998
31787,911,910,108.27107999999998
31803,911,911,108.27107999999998
31819,912,911,72.18072
31835,912,912,72.18072
31851,913,912,72.18072
31867,913,913,72.18072
31883,914,913,72.18072
31899,914,914,72.18072
31915,915,914,72.18072
31931,915,914,72.18072
31947,915,915,72.18072
31963,916,915,72.18072
31979,916,916,72.18072
31995,917,916,72.18072
32011,917,917,72.18072
32027,918,917,72.18072
32043,918,918,72.18072
32059,919,918,72.18072
32075,919,919,72.18072
32091,920,919,72.18072
32107,920,920,72.18072
32123,921,920,72.18072
32139,921,920,72.18072
32155,921,921,72.18072
32171,922,921,72.18072
32187,922,922,72.18072
32203,923,922,72.18072
32219,923,923,72.18072
32235,924,923,72.18072
32251,924,924,72.18072
32267,925,924,72.18072
32283,925,925,108.27107999999998
32299,926,925,108.27107999999998
32315,926,925,108.27107999999998
32331,926,926,108.27107999999998
32347,927,926,108.27107999999998
32363,927,927,108.27107999999998
32379,928,927,108.27107999999998
32395,928,928,108.27107999999998
32411,929,928,108.27107999999998
32427,929,929,108.27107999999998
32443,930,929,108.27107999999998
32459,930,930,108.27107999999998
32475,931,930,108.27107999999998
32491,931,931,72.18072
32507,932,931,72.18072
32523,932,931,72.18072
32539,932,932,72.18072
32555,933,932,72.18072
32571,933,933,72.18072
32587,934,933,72.18072
32603,934,934,72.18072
32619,935,934,72.18072
32635,935,935,72.18072
32651,936,935,72.18072
32667,936,936,72.18072
32683,937,936,72.18072
32699,937,936,72.18072
32715,937,937,72.18072
32731,938,937,72.18072
32747,938,938,72.18072
32763,939,938,72.18072
32779,939,939,72.18072
32795,940,939,72.18072
32811,940,940,72.18072
32827,941,940,72.18072
32843,941,941,72.18072
32859,942,941,72.18072
32875,942,942,72.18072
32891,943,942,72.18072
32907,943,942,72.18072
32923,943,943,72.18072
32939,944,943,72.18072
32955,944,944,72.18072
32971,945,944,72.18072
32987,945,945,72.18072
33003,946,945,72.18072
33019,946,946,72.18072
33035,947,946,72.18072
33051,947,947,60.1506
33067,948,947,60.1506
33083,948,948,60.1506
33099,949,948,60.1506
33115,949,948,60.1506
33131,949,949,60.1506
33147,950,949,60.1506
33163,950,950,60.1506
33179,951,950,60.1506
33195,951,951,60.1506
33211,952,951,60.1506
33227,952,952,60.1506
33243,953,952,60.1506
33259,953,953,84.21083999999999
33275,954,953,84.21083999999999
33291,954,953,84.21083999999999
33307,954,954,84.21083999999999
33323,955,954,84.21083999999999
33339,955,955,84.21083999999999
33355,956,955,72.18072
33371,956,956,72.18072
33387,957,956,72.18072
33403,957,957,72.18072
33419,958,957,72.18072
33435,958,958,72.18072
33451,959,958,72.18072
33467,959,959,72.18072
33483,960,959,72.18072
33499,960,959,72.18072
33515,960,960,72.18072
33531,961,960,72.18072
33547,961,961,72.18072
33563,962,961,72.18072
33579,962,962,72.18072
33595,963,962,72.18072
33611,963,963,72.18072
33627,964,963,72.18072
33643,964,964,72.18072
33659,965,964,72.18072
33675,965,964,72.18072
33691,965,965,72.18072
33707,966,965,72.18072
33723,966,966,72.18072
33739,967,966,72.18072
33755,967,967,72.18072
33771,968,967,72.18072
33787,968,968,72.18072
33803,969,968,72.18072
33819,969,969,72.18072
33835,970,969,72.18072
33851,970,970,72.18072
33867,971,970,72.18072
33883,971,970,72.18072
33899,971,971,72.18072
33915,972,971,72.18072
33931,972,972,72.18072
33947,973,972,72.18072
33963,973,973,72.18072
33979,974,973,72.18072
33995,974,974,72.18072
34011,975,974,72.18072
34027,975,975,72.18072
34043,976,975,72.18072
34059,976,975,72.18072
34075,976,976,72.18072
34091,977,976,72.18072
34107,977,977,72.18072
34123,978,977,72.18072
34139,978,978,72.18072
34155,979,978,72.18072
34171,979,979,72.18072
34187,980,979,72.18072
34203,980,980,72.18072
34219,981,980,72.18072
34235,981,981,72.18072
34251,982,981,72.18072
34267,982,981,72.18072
34283,982,982,72.18072
34299,983,982,60.1506
34315,983,983,60.1506
34331,984,983,60.1506
34347,984,984,60.1506
34363,985,984,60.1506
34379,985,985,60.1506
34395,986,985,60.1506
34411,986,986,60.1506
34427,987,986,60.1506
34443,987,987,60.1506
34459,988,987,60.1506
34475,988,987,60.1506
34491,988,988,60.1506
34507,989,988,60.1506
34523,989,989,60.1506
34539,990,989,60.1506
34555,990,990,60.1506
34571,991,990,60.1506
34587,991,991,60.1506
34603,992,991,60.1506
34619,992,992,60.1506
34635,993,992,60.1506
34651,993,992,60.1506
34667,993,993,60.1506
34683,994,993,60.1506
34699,994,994,60.1506
34715,995,994,60.1506
34731,995,995,60.1506
34747,996,995,60.1506
34763,996,996,60.1506
34779,997,996,60.1506
34795,997,997,60.1506
34811,998,997,60.1506
34827,998,998,60.1506
34843,999,998,60.1506
34859,999,998,60.1506
34875,999,999,60.1506
34891,1000,999,60.1506
34907,1000,1000,60.1506
34923,1001,1000,72.18072
34939,1001,1001,72.18072
34955,1002,1001,72.18072
34971,1002,1002,72.18072
34987,1003,1002,72.18072
35003,1003,1003,72.18072
35019,1004,1003,72.18072
35035,1004,1003,72.18072
35051,1004,1004,72.18072
35067,1005,1004,72.18072
35083,1005,1005,72.18072
35099,1006,1005,72.18072
35115,1006,1006,72.18072
35131,1007,1006,60.1506
35147,1007,1007,60.1506
35163,1008,1007,60.1506
35179,1008,1008,60.1506
35195,1009,1008,60.1506
35211,1009,1009,60.1506
35227,1010,1009,60.1506
35243,1010,1009,60.1506
35259,1010,1010,60.1506
35275,1011,1010,60.1506
35291,1011,1011,60.1506
35307,1012,1011,60.1506
35323,1012,1012,60.1506
35339,1013,1012,60.1506
35355,1013,1013,60.1506
35371,1014,1013,60.1506
35387,1014,1014,84.21083999999999
35403,1015,1014,84.21083999999999
35419,1015,1014,84.21083999999999
35435,1015,1015,84.21083999999999
35451,1016,1015,84.21083999999999
35467,1016,1016,84.21083999999999
35483,1017,1016,84.21083999999999
35499,1017,1017,84.21083999999999
35515,1018,1017,84.21083999999999
35531,1018,1018,84.21083999999999
35547,1019,1018,84.21083999999999
35563,1019,1019,84.21083999999999
35579,1020,1019,84.21083999999999
35595,1020,1020,96.24095999999999
35611,1021,1020,96.24095999999999
35627,1021,1020,96.24095999999999
35643,1021,1021,96.24095999999999
35659,1022,1021,96.24095999999999
35675,1022,1022,96.24095999999999
35691,1023,1022,96.24095999999999
35707,1023,1023,96.24095999999999
35723,1024,1023,96.24095999999999
35739,1024,1024,96.24095999999999
35755,1025,1024,96.24095999999999
35771,1025,1025,96.24095999999999
35787,1026,1025,96.24095999999999
35803,1026,1025,60.1506
35819,1026,1026,60.1506
35835,1027,1026,60.1506
35851,1027,1027,60.1506
35867,1028,1027,60.1506
35883,1028,1028,60.1506
35899,1029,1028,60.1506
35915,1029,1029,60.1506
35931,1030,1029,60.1506
35947,1030,1030,60.1506
35963,1031,1030,60.1506
35979,1031,1031,60.1506
35995,1032,1031,60.1506
36011,1032,1031,60.1506
36027,1032,1032,60.1506
36043,1033,1032,60.1506
36059,1033,1033,60.1506
36075,1034,1033,60.1506
36091,1034,1034,60.1506
36107,1035,1034,60.1506
36123,1035,1035,60.1506
36139,1036,1035,60.1506
36155,1036,1036,60.1506
36171,1037,1036,60.1506
36187,1037,1037,84.21083999999999
36203,1038,1037,84.21083999999999
36219,1038,1037,96.24095999999999
36235,1038,1038,96.24095999999999
36251,1039,1038,96.24095999999999
36267,1039,1039,96.24095999999999
36283,1040,1039,96.24095999999999
36299,1040,1040,96.24095999999999
36315,1041,1040,96.24095999999999
36331,1041,1041,96.24095999999999
36347,1042,1041,96.24095999999999
36363,1042,1042,96.24095999999999
36379,1043,1042,96.24095999999999
36395,1043,1042,96.24095999999999
36411,1043,1043,96.24095999999999
36427,1044,1043,96.24095999999999
36443,1044,1044,96.24095999999999
36459,1045,1044,96.24095999999999
36475,1045,1045,96.24095999999999
36491,1046,1045,96.24095999999999
36507,1046,1046,96.24095999999999
36523,1047,1046,96.24095999999999
36539,1047,1047,96.24095999999999
36555,1048,1047,96.24095999999999
36571,1048,1048,96.24095999999999
36587,1049,1048,96.24095999999999
36603,1049,1048,96.24095999999999
36619,1049,1049,96.24095999999999
36635,1050,1049,96.24095999999999
36651,1050,1050,96.24095999999999
36667,1051,1050,96.24095999999999
36683,1051,1051,96.24095999999999
36699,1052,1051,96.24095999999999
36715,1052,1052,96.24095999999999
36731,1053,1052,96.24095999999999
36747,1053,1053,60.1506
36763,1054,1053,60.1506
36779,1054,1053,60.1506
36795,1054,1054,60.1506
36811,1055,1054,60.1506
36827,1055,1055,60.1506
36843,1056,1055,60.1506
36859,1056,1056,60.1506
36875,1057,1056,60.1506
36891,1057,1057,60.1506
36907,1058,1057,48.12047999999999
36923,1058,1058,48.12047999999999
36939,1059,1058,48.12047999999999
36955,1059,1059,48.12047999999999
36971,1060,1059,48.12047999999999
36987,1060,1059,48.12047999999999
37003,1060,1060,48.12047999999999
37019,1061,1060,48.12047999999999
37035,1061,1061,48.12047999999999
37051,1062,1061,48.12047999999999
37067,1062,1062,48.12047999999999
37083,1063,1062,48.12047999999999
37099,1063,1063,48.12047999999999
37115,1064,1063,48.12047999999999
37131,1064,1064,48.12047999999999
37147,1065,1064,48.12047999999999
37163,1065,1064,48.12047999999999
37179,1065,1065,48.12047999999999
37195,1066,1065,48.12047999999999
37211,1066,1066,48.12047999999999
37227,1067,1066,48.12047999999999
37243,1067,1067,48.12047999999999
37259,1068,1067,48.12047999999999
37275,1068,1068,48.12047999999999
37291,1069,1068,48.12047999999999
37307,1069,1069,48.12047999999999
37323,1070,1069,48.12047999999999
37339,1070,1070,48.12047999999999
37355,1071,1070,48.12047999999999
37371,1071,1070,48.12047999999999
37387,1071,1071,48.12047999999999
37403,1072,1071,48.12047999999999
37419,1072,1072,48.12047999999999
37435,1073,1072,48.12047999999999
37451,1073,1073,48.12047999999999
37467,1074,1073,132.33131999999998
37483,1074,1074,132.33131999999998
37499,1075,1074,132.33131999999998
37515,1075,1075,132.33131999999998
37531,1076,1075,132.33131999999998
37547,1076,1075,132.33131999999998
37563,1076,1076,132.33131999999998
37579,1077,1076,132.33131999999998
37595,1077,1077,132.33131999999998
37611,1078,1077,132.33131999999998
37627,1078,1078,132.33131999999998
37643,1079,1078,132.33131999999998
37659,1079,1079,132.33131999999998
37675,1080,1079,60.1506
37691,1080,1080,60.1506
37707,1081,1080,60.1506
37723,1081,1081,60.1506
37739,1082,1081,60.1506
37755,1082,1081,60.1506
37771,1082,1082,60.1506
37787,1083,1082,60.1506
37803,1083,1083,60.1506
37819,1084,1083,60.1506
37835,1084,1084,60.1506
37851,1085,1084,60.1506
37867,1085,1085,60.1506
37883,1086,1085,60.1506
37899,1086,1086,60.1506
37915,1087,1086,60.1506
37931,1087,1087,60.1506
37947,1088,1087,60.1506
37963,1088,1087,60.1506
37979,1088,1088,60.1506
37995,1089,1088,60.1506
38011,1089,1089,60.1506
38027,1090,1089,60.1506
38043,1090,1090,60.1506
38059,1091,1090,60.1506
38075,1091,1091,60.1506
38091,1092,1091,60.1506
38107,1092,1092,132.33131999999998
38123,1093,1092,132.33131999999998
38139,1093,1092,132.33131999999998
38155,1093,1093,132.33131999999998
38171,1094,1093,96.24095999999999
38187,1094,1094,96.24095999999999
38203,1095,1094,96.24095999999999
38219,1095,1095,96.24095999999999
38235,1096,1095,96.24095999999999
38251,1096,1096,96.24095999999999
38267,1097,1096,96.24095999999999
38283,1097,1097,96.24095999999999
38299,1098,1097,96.24095999999999
38315,1098,1098,96.24095999999999
38331,1099,1098,96.24095999999999
38347,1099,1098,96.24095999999999
38363,1099,1099,96.24095999999999
38379,1100,1099,96.24095999999999
38395,1100,1100,96.24095999999999
38411,1101,1100,96.24095999999999
38427,1101,1101,96.24095999999999
38443,1102,1101,96.24095999999999
38459,1102,1102,96.24095999999999
38475,1103,1102,96.24095999999999
38491,1103,1103,96.24095999999999
38507,1104,1103,96.24095999999999
38523,1104,1103,72.18072
38539,1104,1104,72.18072
38555,1105,1104,72.18072
38571,1105,1105,72.18072
38587,1106,1105,72.18072
38603,1106,1106,72.18072
38619,1107,1106,72.18072
38635,1107,1107,72.18072
38651,1108,1107,72.18072
38667,1108,1108,72.18072
38683,1109,1108,72.18072
38699,1109,1109,60.1506
38715,1110,1109,60.1506
38731,1110,1109,60.1506
38747,1110,1110,60.1506
38763,1111,1110,60.1506
38779,1111,1111,60.1506
38795,1112,1111,60.1506
38811,1112,1112,60.1506
38827,1113,1112,60.1506
38843,1113,1113,60.1506
38859,1114,1113,60.1506
38875,1114,1114,60.1506
38891,1115,1114,60.1506
38907,1115,1114,60.1506
38923,1115,1115,60.1506
38939,1116,1115,96.24095999999999
38955,1116,1116,96.24095999999999
38971,1117,1116,96.24095999999999
38987,1117,1117,96.24095999999999
39003,1118,1117,96.24095999999999
39019,1118,1118,96.24095999999999
39035,1119,1118,96.24095999999999
39051,1119,1119,96.24095999999999
39067,1120,1119,96.24095999999999
39083,1120,1120,96.24095999999999
39099,1121,1120,96.24095999999999
39115,1121,1120,96.24095999999999
39131,1121,1121,96.24095999999999
39147,1122,1121,96.24095999999999
39163,1122,1122,96.24095999999999
39179,1123,1122,96.24095999999999
39195,1123,1123,96.24095999999999
39211,1124,1123,96.24095999999999
39227,1124,1124,96.24095999999999
39243,1125,1124,96.24095999999999
39259,1125,1125,48.12047999999999
39275,1126,1125,48.12047999999999
39291,1126,1126,48.12047999999999
39307,1127,1126,48.12047999999999
39323,1127,1126,48.12047999999999
39339,1127,1127,48.12047999999999
39355,1128,1127,48.12047999999999
39371,1128,1128,48.12047999999999
39387,1129,1128,48.12047999999999
39403,1129,1129,48.12047999999999
39419,1130,1129,48.12047999999999
39435,1130,1130,48.12047999999999
39451,1131,1130,48.12047999999999
39467,1131,1131,48.12047999999999
39483,1132,1131,48.12047999999999
39499,1132,1131,48.12047999999999
39515,1132,1132,48.12047999999999
39531,1133,1132,48.12047999999999
39547,1133,1133,48.12047999999999
39563,1134,1133,48.12047999999999
39579,1134,1134,48.12047999999999
39595,1135,1134,48.12047999999999
39611,1135,1135,48.12047999999999
39627,1136,1135,48.12047999999999
39643,1136,1136,48.12047999999999
39659,1137,1136,48.12047999999999
39675,1137,1137,48.12047999999999
39691,1138,1137,48.12047999999999
39707,1138,1137,48.12047999999999
39723,1138,1138,48.12047999999999
39739,1139,1138,48.12047999999999
39755,1139,1139,48.12047999999999
39771,1140,1139,48.12047999999999
39787,1140,1140,48.12047999999999
39803,1141,1140,48.12047999999999
39819,1141,1141,48.12047999999999
39835,1142,1141,48.12047999999999
39851,1142,1142,48.12047999999999
39867,1143,1142,48.12047999999999
39883,1143,1142,48.12047999999999
39899,1143,1143,48.12047999999999
39915,1144,1143,48.12047999999999
39931,1144,1144,48.12047999999999
39947,1145,1144,48.12047999999999
39963,1145,1145,48.12047999999999
39979,1146,1145,48.12047999999999
39995,1146,1146,48.12047999999999
40011,1147,1146,48.12047999999999
40027,1147,1147,48.12047999999999
40043,1148,1147,48.12047999999999
40059,1148,1148,48.12047999999999
40075,1149,1148,48.12047999999999
40091,1149,1148,84.21083999999999
40107,1149,1149,84.21083999999999
40123,1150,1149,84.21083999999999
40139,1150,1150,84.21083999999999
40155,1151,1150,84.21083999999999
40171,1151,1151,84.21083999999999
40187,1152,1151,84.21083999999999
40203,1152,1152,84.21083999999999
40219,1153,1152,84.21083999999999
40235,1153,1153,84.21083999999999
40251,1154,1153,84.21083999999999
40267,1154,1153,84.80387408450704
40283,1154,1154,84.80387408450704
40299,1155,1154,85.40532000000002
40315,1155,1155,85.40532000000002
40331,1156,1155,86.01535799999999
40347,1156,1156,86.01535799999999
40363,1157,1156,86.63417352517985
40379,1157,1157,86.63417352517985
40395,1158,1157,87.26195739130435
40411,1158,1158,87.26195739130435
40427,1159,1158,87.26195739130435
40443,1159,1159,87.89890598540146
40459,1160,1159,87.89890598540146
40475,1160,1159,88.54522147058823
40491,1160,1160,88.54522147058823
40507,1161,1160,89.20111200000001
40523,1161,1161,89.20111200000001
40539,1162,1161,89.86679194029851
40555,1162,1162,89.86679194029851
40571,1163,1162,77.60784180451127
40587,1163,1163,77.60784180451127
40603,1164,1163,77.60784180451127
40619,1164,1164,78.19578
40635,1165,1164,78.19578
40651,1165,1164,78.79269435114504
40667,1165,1165,78.79269435114504
40683,1166,1165,79.39879200000001
40699,1166,1166,79.39879200000001
40715,1167,1166,80.0142865116279
40731,1167,1167,80.0142865116279
40747,1168,1167,80.639398125
40763,1168,1168,80.639398125
40779,1169,1168,81.27435401574803
40795,1169,1169,81.27435401574803
40811,1170,1169,81.27435401574803
40827,1170,1170,81.91938857142856
40843,1171,1170,81.91938857142856
40859,1171,1170,82.57474367999998
40875,1171,1171,82.57474367999998
40891,1172,1171,83.24066903225805
40907,1172,1172,83.24066903225805
40923,1173,1172,83.91742243902439
40939,1173,1173,83.91742243902439
40955,1174,1173,84.60527016393442
40971,1174,1174,84.60527016393442
40987,1175,1174,84.60527016393442
41003,1175,1175,85.30448727272727
41019,1176,1175,85.30448727272727
41035,1176,1176,86.015358
41051,1177,1176,86.015358
41067,1177,1176,86.7381761344538
41083,1177,1177,86.7381761344538
41099,1178,1177,87.47324542372881
41115,1178,1178,87.47324542372881
41131,1179,1178,88.22088
41147,1179,1179,88.22088
41163,1180,1179,88.98140482758622
41179,1180,1180,88.98140482758622
41195,1181,1180,88.98140482758622
41211,1181,1181,89.75515617391304
41227,1182,1181,89.75515617391304
41243,1182,1181,90.54248210526316
41259,1182,1182,90.54248210526316
41275,1183,1182,106.56770017699114
41291,1183,1183,106.56770017699114
41307,1184,1183,107.51919749999999
41323,1184,1184,107.51919749999999
41339,1185,1184,77.4913135135135
41355,1185,1185,77.4913135135135
41371,1186,1185,78.19578
41387,1186,1186,78.19578
41403,1187,1186,78.19578
41419,1187,1187,78.91317247706422
41435,1188,1187,78.91317247706422
41451,1188,1187,79.64385
41467,1188,1188,79.64385
41483,1189,1188,80.38818504672899
41499,1189,1189,80.38818504672899
41515,1190,1189,81.14656415094339
41531,1190,1190,81.14656415094339
41547,1191,1190,81.91938857142856
41563,1191,1191,81.91938857142856
41579,1192,1191,81.91938857142856
41595,1192,1192,82.707075
41611,1193,1192,82.707075
41627,1193,1192,83.51005631067962
41643,1193,1193,83.51005631067962
41659,1194,1193,84.32878235294118
41675,1194,1194,84.32878235294118
41691,1195,1194,85.1637207920792
41707,1195,1195,85.1637207920792
41723,1196,1195,86.01535799999999
41739,1196,1196,86.01535799999999
41755,1197,1196,86.88419999999999
41771,1197,1197,86.88419999999999
41787,1198,1197,86.88419999999999
41803,1198,1198,87.77077346938776
41819,1199,1198,87.77077346938776
41835,1199,1198,88.67562680412372
41851,1199,1199,88.67562680412372
41867,1200,1199,89.59933125
41883,1200,1200,89.59933125
41899,1201,1200,90.54248210526316
41915,1201,1201,90.54248210526316
41931,1202,1201,91.50569999999999
41947,1202,1202,91.50569999999999
41963,1203,1202,91.50569999999999
41979,1203,1203,110.98755870967743
41995,1204,1203,110.98755870967743
42011,1204,1203,112.1939452173913
42027,1204,1204,112.1939452173913
42043,1205,1204,75.61789714285715
42059,1205,1205,75.61789714285715
42075,1206,1205,76.458096
42091,1206,1206,76.458096
42107,1207,1206,77.31717573033708
42123,1207,1207,77.31717573033708
42139,1208,1207,78.19578
42155,1208,1208,78.19578
42171,1209,1208,78.19578
42187,1209,1209,79.09458206896552
42203,1210,1209,79.09458206896552
42219,1210,1209,80.01428651162792
42235,1210,1210,80.01428651162792
42251,1211,1210,80.95563105882351
42267,1211,1211,80.95563105882351
42283,1212,1211,81.91938857142857
42299,1212,1212,81.91938857142857
42315,1213,1212,82.9063691566265
42331,1213,1213,82.9063691566265
42347,1214,1213,82.9063691566265
42363,1214,1214,83.91742243902439
42379,1215,1214,83.91742243902439
42395,1215,1214,84.95344
42411,1215,1215,84.95344
42427,1216,1215,86.01535799999999
42443,1216,1216,86.01535799999999
42459,1217,1216,87.10416
42475,1217,1217,87.10416
42491,1218,1217,88.22088
42507,1218,1218,88.22088
42523,1219,1218,89.36660571428573
42539,1219,1219,89.36660571428573
42555,1220,1219,89.36660571428573
42571,1220,1220,90.54248210526318
42587,1221,1220,90.54248210526318
42603,1221,1220,91.7497152
42619,1221,1221,91.7497152
42635,1222,1221,69.74218216216217
42651,1222,1222,69.74218216216217
42667,1223,1222,70.69755452054795
42683,1223,1223,70.69755452054795
42699,1224,1223,71.679465
42715,1224,1224,71.679465
